classification,size_usd,trade_count
Extreme Fear,4118.761840068787,2326
Extreme Greed,3242.085086283579,5621
Fear,5744.782685125099,13869
Greed,5051.878829259653,11292
Neutral,4332.202906386067,2756
Unknown,6604.799440280436,43361
